rxcui,medication_name
106258,HYDROCORTISONE 1 g in 100 g TOPICAL CREAM [SERYNTH ECZEMA RELIEF]
106302,TRETINOIN 0.25 mg in 1 g TOPICAL CREAM [TRETINOIN]
141927,ALPRAZOLAM 0.25 mg ORAL TABLET [Xanax]
141928,ALPRAZOLAM 0.5 mg ORAL TABLET [Xanax]
197361,AMLODIPINE BESYLATE 5 mg ORAL TABLET
197380,ATENOLOL 25 mg ORAL TABLET
197391,BACLOFEN 10 mg ORAL TABLET
197392,BACLOFEN 20 mg ORAL TABLET
197417,BUMETANIDE 0.5 mg ORAL TABLET
197873,LEVORPHANOL TARTRATE 2 mg ORAL TABLET
197943,METHOCARBAMOL 500 mg ORAL TABLET [Methocarbamol]
198030,NICOTINE 21 mg in 100 TOPICAL PATCH
198045,Nortriptyline Hydrochloride 10 mg ORAL CAPSULE
198057,OXAZEPAM 10 mg ORAL CAPSULE
198059,OXAZEPAM 30 mg ORAL CAPSULE
198145,PREDNISONE 10 mg ORAL TABLET [prednisone]
198148,PREDNISONE 50 mg ORAL TABLET [prednisone]
198188,RAMIPRIL 2.5 mg ORAL CAPSULE
198189,RAMIPRIL 5 mg ORAL CAPSULE
198232,SULFASALAZINE 500 mg ORAL TABLET
198377,TACROLIMUS ANHYDROUS 1 mg ORAL CAPSULE
198440,"ACETAMINOPHEN 500 mg ORAL TABLET, COATED [Pain Relief]"
198857,"DIMETHICONE, UNSPECIFIED 20 mg in 0.3 mL ORAL SUSPENSION/ DROPS [Best Choice]"
198861,SODIUM BICARBONATE 650 mg ORAL TABLET
199047,"FAMOTIDINE 10 mg ORAL TABLET, FILM COATED [heartburn relief original strength]"
214003,ALPRAZOLAM 1 mg ORAL TABLET [Xanax]
214004,ALPRAZOLAM 2 mg ORAL TABLET [Xanax]
235457,ALUMINUM POWDER
240464,OATMEAL 10 mg in 1 mL TOPICAL LOTION [Pipette Eczema]
240698,SODIUM FLUORIDE 0.2 mg in 1 mL DENTAL RINSE [Dentalclean Green Diamond Alcohol Free Mouthwash]
251201,SERTRALINE HYDROCHLORIDE 200 mg ORAL CAPSULE
252577,SALICYLIC ACID 8 g in 100 mL TOPICAL LIQUID [Tag Wart Corn R-emovr Fast Acting Liquid]
253020,MENTHOL 10 g in 100 g TOPICAL CREAM [PROINNATE Numbing Cream]
261962,RAMIPRIL 10 mg ORAL CAPSULE
283809,Travoprost
284008,Travoprost 0.04 mg in 1 mL OPHTHALMIC SOLUTION/ DROPS [Travoprost Ophthalmic Soluton]
284191,FLUOROURACIL 5 mg in 1 g TOPICAL CREAM [FLUOROURACIL]
284245,"FAMOTIDINE 40 mg ORAL TABLET, COATED"
284367,LIGHT MINERAL OIL 3.785 L in 3.785 L ORAL LIQUID [Mineral Oil Light]
308135,AMLODIPINE BESYLATE 10 mg ORAL TABLET
308136,AMLODIPINE BESYLATE 2.5 mg ORAL TABLET
308191,AMOXICILLIN 500 mg ORAL CAPSULE
308297,"ASPIRIN 250 mg / CAFFEINE 65 mg / ACETAMINOPHEN 250 mg ORAL TABLET, FILM COATED [Extra Pain Relief Acetaminophen, Aspirin (NSAID) and Caffeine]"
309367,CLOTRIMAZOLE 10 mg in 1 g TOPICAL CREAM [CVS Pharmacy ITCH RELIEF ANTIFUNGAL]
310965,"IBUPROFEN 200 mg ORAL TABLET, COATED [IBUPROFEN]"
311670,"METOCLOPRAMIDE HYDROCHLORIDE 5 mg in 1 mL INTRAMUSCULAR INJECTION, SOLUTION [Metoclopramide]"
312134,OXAZEPAM 15 mg ORAL CAPSULE
312136,"OXCARBAZEPINE 150 mg ORAL TABLET, FILM COATED"
312137,"OXCARBAZEPINE 300 mg ORAL TABLET, FILM COATED"
312138,"OXCARBAZEPINE 600 mg ORAL TABLET, FILM COATED"
312529,"POTASSIUM CHLORIDE 600 mg ORAL TABLET, FILM COATED, EXTENDED RELEASE"
312564,POVIDONE-IODINE 100 mg in 1 mL TOPICAL LIQUID [Walgreens 10 Povidone-Iodine Solution]
312615,PREDNISONE 20 mg ORAL TABLET [prednisone]
312881,SALICYLIC ACID 17 g in 100 mL TOPICAL LIQUID [Decennalia WART CORN REMOVER]
312935,"SENNOSIDES 8.6 mg ORAL TABLET, FILM COATED"
313190,TACROLIMUS ANHYDROUS 0.5 mg ORAL CAPSULE
313782,ACETAMINOPHEN 325 mg ORAL TABLET [Pain Relief]
314072,Latanoprost 50 ug in 1 mL OPHTHALMIC SOLUTION/ DROPS
314221,"DIMETHICONE, UNSPECIFIED 125 mg ORAL TABLET, CHEWABLE [Best Choice Extra Strength]"
359817,NICOTINE 2 mg ORAL LOZENGE [mini nicotine]
387013,NEBIVOLOL HYDROCHLORIDE 5 mg ORAL TABLET
402481,ISOPROPYL ALCOHOL 99 L in 100 L TOPICAL LIQUID
410584,SERTRALINE HYDROCHLORIDE 150 mg ORAL CAPSULE
433773,CLINDAMYCIN HYDROCHLORIDE 150 mg ORAL TABLET
476553,"CALCIUM CARBONATE 675 mg / MAGNESIUM HYDROXIDE 135 mg / DIMETHICONE, UNSPECIFIED 60 mg ORAL TABLET, CHEWABLE [Best Choice Extra Strength Berry Flavor]"
483017,"Acetaminophen 10 mg in 1 mL INTRAVENOUS INJECTION, SOLUTION_#2"
485023,"MYCOPHENOLATE SODIUM 360 mg ORAL TABLET, DELAYED RELEASE"
485246,"Azacitidine 100 mg INTRAVENOUS INJECTION, POWDER, LYOPHILIZED, FOR SOLUTION"
582608,NITRIC OXIDE 0.8 mL in 100 L RESPIRATORY (INHALATION) GAS
596926,"DULOXETINE HYDROCHLORIDE 20 mg ORAL CAPSULE, DELAYED RELEASE"
628953,"POTASSIUM CHLORIDE 750 mg ORAL TABLET, FILM COATED, EXTENDED RELEASE"
628958,"POTASSIUM CHLORIDE 750 mg ORAL TABLET, FILM COATED, EXTENDED RELEASE [KLOR-CON]"
637119,MENTHOL 4.8 mg ORAL LOZENGE [Vicks Herbal Drops]
702316,CAFFEINE 32.5 mg / ASPIRIN 500 mg ORAL TABLET [Aspirina Cafeina]
751612,NEBIVOLOL HYDROCHLORIDE 10 mg ORAL TABLET
751618,NEBIVOLOL HYDROCHLORIDE 2.5 mg ORAL TABLET
756245,"Butalbital 50 mg in 15 mL / Acetaminophen 325 mg in 15 mL / Caffeine 40 mg in 15 mL ORAL SOLUTION [Butalbital, Acetaminophen and Caffeine]"
797534,DOCOSANOL 100 mg in 1 g TOPICAL CREAM
797544,ALCOHOL 4.2 g TOPICAL CLOTH [WIPESPLUS HAND SANITIZING WIPES]
797730,POVIDONE-IODINE 0.54 g TOPICAL CLOTH [EVERLIT SURVIVAL IODINE PREP PADS]
808520,ISOPROPYL ALCOHOL 70 L in 100 L TOPICAL LIQUID
809987,"Lacosamide 100 mg ORAL TABLET, FILM COATED"
809992,"Lacosamide 150 mg ORAL TABLET, FILM COATED"
809996,"Lacosamide 200 mg ORAL TABLET, FILM COATED"
810000,"Lacosamide 50 mg ORAL TABLET, FILM COATED"
827073,NEBIVOLOL HYDROCHLORIDE 20 mg ORAL TABLET
828348,CYCLOBENZAPRINE HYDROCHLORIDE 10 mg ORAL TABLET
832718,"POTASSIUM CHLORIDE 600 mg ORAL TABLET, FILM COATED, EXTENDED RELEASE [KLOR-CON]"
832731,"POTASSIUM CHLORIDE 1125 mg ORAL TABLET, EXTENDED RELEASE [KLOR-CON M]"
834346,AMIODARONE HYDROCHLORIDE 200 mg ORAL TABLET [Pacerone]
834350,AMIODARONE HYDROCHLORIDE 400 mg ORAL TABLET [Pacerone]
835958,AMIODARONE HYDROCHLORIDE 100 mg ORAL TABLET [Pacerone]
848951,"CHOLESTYRAMINE 4 g in 5.5 g ORAL POWDER, FOR SUSPENSION [Prevalite]"
849574,"NAPROXEN SODIUM 220 mg ORAL TABLET, COATED [Naproxen Sodium]"
855168,LEVOCETIRIZINE DIHYDROCHLORIDE 0.5 mg in 1 mL ORAL SOLUTION [Levocetirizine Dihydrochloride]
855200,"Ganirelix Acetate 250 ug in 0.5 mL SUBCUTANEOUS INJECTION, SOLUTION"
855324,WARFARIN SODIUM 4 mg ORAL TABLET [Warfarin Sodium]
855906,"DICLOFENAC SODIUM 50 mg ORAL TABLET, DELAYED RELEASE [Diclofenac Sodium Delayed Release]"
855926,"DICLOFENAC SODIUM 75 mg ORAL TABLET, DELAYED RELEASE [Diclofenac Sodium Delayed Release]"
856999,HYDROCODONE BITARTRATE 10 mg / ACETAMINOPHEN 325 mg ORAL TABLET
857002,HYDROCODONE BITARTRATE 5 mg / ACETAMINOPHEN 325 mg ORAL TABLET
857005,HYDROCODONE BITARTRATE 7.5 mg / ACETAMINOPHEN 325 mg ORAL TABLET
857224,"SEVELAMER HYDROCHLORIDE 800 mg ORAL TABLET, FILM COATED"
857321,BETHANECHOL CHLORIDE 10 mg ORAL TABLET
857328,BETHANECHOL CHLORIDE 25 mg ORAL TABLET
857336,BETHANECHOL CHLORIDE 5 mg ORAL TABLET
857340,BETHANECHOL CHLORIDE 50 mg ORAL TABLET
859186,SELEGILINE HYDROCHLORIDE 5 mg ORAL CAPSULE
859747,"ROSUVASTATIN CALCIUM 10 mg ORAL TABLET, FILM COATED"
866018,BUSPIRONE HYDROCHLORIDE 15 mg ORAL TABLET [Buspirone Hydrochloride]
866511,METOPROLOL TARTRATE 100 mg ORAL TABLET
866910,COLESEVELAM HYDROCHLORIDE 625 mg ORAL TABLET
895749,BENZOCAINE 0.34 g / ISOPROPYL ALCOHOL 8 g TOPICAL CLOTH [Everlit Survival Sting Relief Pad]
898420,FLURANDRENOLIDE 0.5 mg in 1 g TOPICAL CREAM [CORDRAN]
898572,Human Rho(d) Immune Globulin 250 [iU] in 1 mL INTRAMUSCULAR SOLUTION [HYPERRHO MINI-DOSE]
898578,Human Rho(d) Immune Globulin 1500 [iU] in 1 mL INTRAMUSCULAR SOLUTION [HYPERRHO FULL DOSE]
900391,CLINDAMYCIN HYDROCHLORIDE 25 mg ORAL TABLET
900460,CLINDAMYCIN HYDROCHLORIDE 75 mg ORAL TABLET
903884,"FLUVOXAMINE MALEATE 100 mg ORAL TABLET, FILM COATED"
903887,"FLUVOXAMINE MALEATE 25 mg ORAL TABLET, FILM COATED"
903891,"FLUVOXAMINE MALEATE 50 mg ORAL TABLET, FILM COATED"
905225,HYDRALAZINE HYDROCHLORIDE 25 mg ORAL TABLET
905395,HYDRALAZINE HYDROCHLORIDE 50 mg ORAL TABLET
966221,LEVOTHYROXINE SODIUM 0.05 mg ORAL TABLET
966787,DOXEPIN HYDROCHLORIDE 3 mg ORAL TABLET
966793,DOXEPIN HYDROCHLORIDE 6 mg ORAL TABLET
979092,HYDROXYCHLOROQUINE SULFATE 200 mg ORAL TABLET [HYDROXYCHLOROQUINE SULFATE]
991061,DICYCLOMINE HYDROCHLORIDE 10 mg ORAL CAPSULE
991086,DICYCLOMINE HYDROCHLORIDE 20 mg ORAL TABLET
992528,TERBINAFINE HYDROCHLORIDE 1 g in 100 g TOPICAL CREAM [Athletes Foot]
993557,"BUPROPION HYDROCHLORIDE 300 mg ORAL TABLET, EXTENDED RELEASE [Bupropion Hydrochloride XL]"
993856,LACOSAMIDE 10 mg in 1 mL ORAL SOLUTION [Lacosamide Oral Solution]
995241,HYDROXYZINE DIHYDROCHLORIDE 10 mg in 5 mL ORAL SOLUTION [Hydroxyzine Hydrochloride]
997229,"DONEPEZIL HYDROCHLORIDE 5 mg ORAL TABLET, FILM COATED"
998483,MICONAZOLE NITRATE 2 g in 100 g TOPICAL CREAM [ProCure Antifungal Cream]
1010895,LIDOCAINE HYDROCHLORIDE 4 g in 100 g TOPICAL CREAM [Dr Lido]
1013002,LIDOCAINE HYDROCHLORIDE 5 g in 100 g TOPICAL CREAM [Hello Sugar]
1014673,CETIRIZINE HYDROCHLORIDE 5 mg in 5 mL ORAL SOLUTION [Premier Value Childrens Cetirizine]
1020364,ALCOHOL 62 mL in 100 mL TOPICAL LIQUID [HAND SANITIZER]
1037045,DABIGATRAN ETEXILATE MESYLATE 150 mg ORAL CAPSULE [DABIGATRAN]
1038558,BENZALKONIUM CHLORIDE 0.13 g in 100 g TOPICAL CLOTH [ZEHN ANTISEPTIC SANITIZING WIPES]
1041849,ALCOHOL 70 mL in 100 mL TOPICAL SPRAY [AshleyBelle Moisturizing Hand Sanitizer Coconut Sandalwood]
1049630,"DIPHENHYDRAMINE HYDROCHLORIDE 25 mg ORAL TABLET, COATED [Allergy Relief]"
1085644,TRIAMCINOLONE ACETONIDE 0.25 mg in 1 g TOPICAL CREAM
1086997,PHENYLEPHRINE HYDROCHLORIDE 5 mg / DEXTROMETHORPHAN HYDROBROMIDE 10 mg / ACETAMINOPHEN 325 mg ORAL CAPSULE [Daytime Cold and Flu]
1094560,ZINC OXIDE 400 mg in 1 g TOPICAL PASTE [Zinc Oxide]
1100066,"IBUPROFEN 800 mg / FAMOTIDINE 26.6 mg ORAL TABLET, FILM COATED"
1111106,"FIDAXOMICIN 200 mg ORAL TABLET, FILM COATED [Fidaxomicin]"
1117394,DEXTROMETHORPHAN HYDROBROMIDE 20 mg in 5 mL / GUAIFENESIN 300 mg in 5 mL ORAL SYRUP
1248354,DIPHENHYDRAMINE HYDROCHLORIDE 50 mg in 30 mL ORAL SOLUTION [dg health sleep aid]
1250685,Loperamide Hydrochloride 1 mg in 7.5 mL ORAL SOLUTION
1297288,DEXTROMETHORPHAN HYDROBROMIDE 10 mg / PHENYLEPHRINE HYDROCHLORIDE 5 mg / ACETAMINOPHEN 325 mg / DOXYLAMINE SUCCINATE 6.25 mg ORAL CAPSULE [Nighttime Cold and Flu]
1298324,"DEXTROMETHORPHAN HYDROBROMIDE 30 mg / GUAIFENESIN 600 mg ORAL TABLET, EXTENDED RELEASE [MUCUS RELIEF DM]"
1307948,JUNIPERUS VIRGINIANA WOOD OIL
1314376,POLYMETHACRYLIC ACID CROSSPOLYMER
1366116,BACITRACIN ZINC 500 [iU] in 1 g TOPICAL OINTMENT [FifthPulse Bacitracin Zinc 1oz]
1373333,"ISOTRETINOIN 10 mg ORAL CAPSULE, GELATIN COATED [ZENATANE]"
1373335,"ISOTRETINOIN 20 mg ORAL CAPSULE, GELATIN COATED [ZENATANE]"
1373337,"ISOTRETINOIN 40 mg ORAL CAPSULE, GELATIN COATED [ZENATANE]"
1422485,MELALEUCA ERICIFOLIA LEAF OIL
1426334,"ACETAMINOPHEN 325 mg / DEXTROMETHORPHAN HYDROBROMIDE 10 mg / DOXYLAMINE SUCCINATE 6.25 mg ORAL CAPSULE, LIQUID FILLED [MUCINEX FAST-MAX NIGHTTIME COLD AND FLU]"
1426422,CI 60730
1427157,SH-OLIGOPEPTIDE-1
1431993,METHYL LACTATE
1436940,SELENIUM SULFIDE 23 mg in 1 mL TOPICAL SHAMPOO
1489307,ALCOHOL 70 mL in 100 mL TOPICAL LIQUID [microdot Hand Sanitizing Wipe]
1494826,SULFUR 48 mg in 1 g / SULFACETAMIDE SODIUM 98 mg in 1 g TOPICAL CREAM [Plexion]
1537082,"POTASSIUM BICARBONATE 978 mg ORAL TABLET, EFFERVESCENT [KLOR-Con/EF]"
1541592,MENTHOL 80 mg in 1 g TOPICAL GEL [Stopain Extra Strength Gel]
1547044,"CALCIUM GLUCONATE MONOHYDRATE 10.8 g in 500 mL / POTASSIUM CHLORIDE 8.0 g in 500 mL / PHOSPHORUS 2.5 g in 500 mL / MAGNESIUM GLUCONATE 1.6 g in 500 mL / DEXTROSE MONOHYDRATE 75.0 g in 500 mL INTRAVENOUS INJECTION, SOLUTION"
1550957,"DIPHENHYDRAMINE HYDROCHLORIDE 25 mg / NAPROXEN SODIUM 220 mg ORAL TABLET, FILM COATED [NAPROXEN SODIUM PM]"
1596780,"TESTOSTERONE 12.5 mg TOPICAL GEL, METERED"
1596785,"TESTOSTERONE 12.5 mg TOPICAL GEL, METERED [Vogelxo]"
1597129,TESTOSTERONE 50 mg in 5 g TOPICAL GEL
1597134,TESTOSTERONE 50 mg in 5 g TOPICAL GEL [Vogelxo]
1599803,"MEMANTINE HYDROCHLORIDE 28 mg / DONEPEZIL HYDROCHLORIDE 10 mg ORAL CAPSULE, EXTENDED RELEASE"
1599805,"MEMANTINE HYDROCHLORIDE 14 mg / DONEPEZIL HYDROCHLORIDE 10 mg ORAL CAPSULE, EXTENDED RELEASE"
1605088,"ISOTRETINOIN 30 mg ORAL CAPSULE, GELATIN COATED [ZENATANE]"
1656328,Sacubitril
1656340,"Sacubitril 24 mg / Valsartan 26 mg ORAL TABLET, FILM COATED [Sacubitril and Valsartan Sacubitril and Valsartan]"
1656349,"SACUBITRIL 49 mg / VALSARTAN 51 mg ORAL TABLET, FILM COATED"
1656354,"SACUBITRIL 97 mg / VALSARTAN 103 mg ORAL TABLET, FILM COATED"
1661740,"GUAIFENESIN 400 mg / DEXTROMETHORPHAN HYDROBROMIDE 20 mg ORAL CAPSULE, LIQUID FILLED"
1670195,"FOSPHENYTOIN SODIUM 50 mg in 1 mL INTRAMUSCULAR INJECTION, SOLUTION"
1718909,Dexmedetomidine Hydrochloride 4 ug in 1 mL INTRAVENOUS INJECTION
1719286,"Furosemide 10 mg in 1 mL INTRAMUSCULAR INJECTION, SOLUTION_#3"
1719287,"Furosemide 10 mg in 1 mL INTRAMUSCULAR INJECTION, SOLUTION"
1719290,"Furosemide 10 mg in 1 mL INTRAMUSCULAR INJECTION, SOLUTION_#1"
1719291,"Furosemide 10 mg in 1 mL INTRAMUSCULAR INJECTION, SOLUTION_#2"
1737778,LIDOCAINE 4 g in 100 g TOPICAL PATCH [OTC Rescue Lidocaine Pain Relief Patch]
1793147,CAMPHOR (SYNTHETIC) 3.1 g / MENTHOL 6 g / METHYL SALICYLATE 10 g TOPICAL PATCH [Pain Relief Patch]
1801294,"POTASSIUM CHLORIDE 1500 mg ORAL TABLET, EXTENDED RELEASE [Potassium Chloride]"
1801295,"POTASSIUM CHLORIDE 1500 mg ORAL TABLET, EXTENDED RELEASE [KLOR-CON M]"
1801298,"POTASSIUM CHLORIDE 750 mg ORAL TABLET, EXTENDED RELEASE [Potassium Chloride]"
1801299,"POTASSIUM CHLORIDE 750 mg ORAL TABLET, EXTENDED RELEASE [KLOR-CON M]"
1803960,"Acetaminophen 10 mg in 1 mL INTRAVENOUS INJECTION, SOLUTION"
1807513,"VANCOMYCIN HYDROCHLORIDE 1 g in 10 mL INTRAVENOUS INJECTION, POWDER, LYOPHILIZED, FOR SOLUTION"
1809666,"HUMAN IMMUNOGLOBULIN G 100 mg in 1 mL INTRAVENOUS INJECTION, SOLUTION [GAMMAGARD Liquid ERC]"
1809668,"HUMAN IMMUNOGLOBULIN G 100 mg in 1 mL SUBCUTANEOUS INJECTION, SOLUTION [GAMMAGARD Liquid ERC]_#1"
1809670,"HUMAN IMMUNOGLOBULIN G 100 mg in 1 mL SUBCUTANEOUS INJECTION, SOLUTION [GAMMAGARD Liquid ERC]_#2"
1858984,LIDOCAINE 4 g in 100 g TOPICAL OINTMENT [H2Ocean NOTHING TATTOO GLIDE AFTERCARE MAX STRENGTH]
1860608,Sacubitrilat
1867547,"POTASSIUM CHLORIDE 1.5 g ORAL POWDER, FOR SOLUTION [KLOR-CON]"
1867684,"ACETAMINOPHEN 325 mg / DEXTROMETHORPHAN HYDROBROMIDE 10 mg ORAL CAPSULE, LIQUID FILLED [MUCINEX FAST-MAX COLD AND FLU MAXIMUM STRENGTH]"
1923422,SOTALOL HYDROCHLORIDE 120 mg ORAL TABLET [Sotalol]
1923424,SOTALOL HYDROCHLORIDE 160 mg ORAL TABLET [Sotalol]
1923426,SOTALOL HYDROCHLORIDE 80 mg ORAL TABLET [Sotalol]
1923481,BENZOCAINE 15 mg / MENTHOL 20 mg ORAL LOZENGE [Vicks VapoCool SEVERE plus Intense Pain Relief]
1987647,LIDOCAINE HYDROCHLORIDE 4 g in 100 g TOPICAL LIQUID [QUALITY CHOICE Maximum Strength Lidocaine Pain Relief Roll On]
2046585,ABIRATERONE ACETATE 125 mg ORAL TABLET [YONSA]
2048982,"DEHYDRATED ALCOHOL 5 mL in 5 mL PERCUTANEOUS INJECTION, SOLUTION [Dehydrated Alcohol]"
2282911,ALCOHOL 71 mL in 100 mL TOPICAL GEL [Anti Bacterial Hand Gel Pina Colada Swirl]
2391332,MENTHOL 14 mg in 1 mL TOPICAL CREAM [BLUESPRING Doctors Pain Formula Pain Relief]
2467748,"WATER 1 mL in 1 mL SUBCUTANEOUS INJECTION, SOLUTION [BACTERIOSTATIC WATER]"
2480095,"Acetaminophen 10 mg in 1 mL INTRAVENOUS INJECTION, SOLUTION_#1"
2604561,ACETAMINOPHEN 325 mg in 15 mL / DEXTROMETHORPHAN HYDROBROMIDE 10 mg in 15 mL ORAL SOLUTION [DG HEALTH COLD FLU RELIEF]
2612689,"MUCINEX Rapid Clear Pain, Headache and Mucus Congestion and Nighttime Liquid Gels KIT"
2619582,AVOBENZONE 30 mg in 1 mL / HOMOSALATE 100 mg in 1 mL / OCTISALATE 45 mg in 1 mL / OCTOCRYLENE 80 mg in 1 mL TOPICAL LOTION [Sunscreen]
2621715,"MENTHOL, UNSPECIFIED FORM 10 mg TOPICAL PATCH [FEMININE PAIN RELIEF]"
2634363,Daytime Nighttime Cold and Flu KIT
2641791,ZINC OXIDE 3 mg in 100 mL TOPICAL CREAM [GZE Tinted Sunscreen]
2663936,MUCINEX FAST-MAX Liquid Gels Day Night Cold and Flu KIT
2680300,ACETAMINOPHEN 650 mg in 20 mL / DEXTROMETHORPHAN HYDROBROMIDE 20 mg in 20 mL / GUAIFENESIN 400 mg in 20 mL ORAL LIQUID [CVS PHARMACY MS Adult Severe Multi Symptom Cough Cold Flu]
2683421,BROMPHENIRAMINE MALEATE 2 mg in 10 mL / DEXTROMETHORPHAN HYDROBROMIDE 10 mg in 10 mL ORAL SOLUTION [CAREONE CHILDRENS COLD COUGH]
2705772,MENTHOL 0.3 g in 100 / NICOTINE 18 g in 100 TOPICAL PATCH [RBUGR QUIT SMOKING Nicotine]
2710777,ZINC OXIDE 55 mg in 1 g / TITANIUM DIOXIDE 40 mg in 1 g TOPICAL STICK [Mineral Lip Sunscreen]
2711803,MENTHOL 2 g in 100 mL / METHYL SALICYLATE 10 g in 100 mL TOPICAL GEL [Rugged Fit Pain Relief Roll On]
2714363,TITANIUM DIOXIDE 40 mg in 1 g / ZINC OXIDE 55 mg in 1 g TOPICAL STICK [Non Tinted Mineral Sunscreen Stick]
2714373,ZINC OXIDE 38 mg in 1 g / TITANIUM DIOXIDE 80 mg in 1 g TOPICAL CREAM [Non Tinted Mineral Sunscreen]
2719247,Tagrid Antifungal Kit KIT
2719249,ALUMINUM SESQUICHLOROHYDRATE 15 g in 100 mL TOPICAL SPRAY [ProCure Antiperspirant and Deodorant]
2719250,AVOBENZONE 2 g in 100 g / OCTINOXATE 7.5 g in 100 g / OCTOCRYLENE 1.86 g in 100 g / OXYBENZONE 3 g in 100 g TOPICAL LOTION [Glytone Daily Body]
2719251,TITANIUM DIOXIDE 80 mg in 1 g / ZINC OXIDE 38 mg in 1 g TOPICAL CREAM [Advanced Formula Tinted]
2719252,ZINC OXIDE 200 mg in 1 g TOPICAL CREAM [Kind Restore Tinted Mineral Sunscreen]
2719253,ZINC OXIDE 200 mg in 1 g TOPICAL CREAM [Mermaid Glow And Go Non Tinted Mineral Sunscreen]
2719254,ZINC OXIDE 38 mg in 1 g / TITANIUM DIOXIDE 80 mg in 1 g TOPICAL CREAM [Advanced Formula Non-Tinted]
2719256,ZINC OXIDE 55 mg in 1 g / TITANIUM DIOXIDE 40 mg in 1 g TOPICAL STICK [Kind Restore Moisturizing Lip Balm]
2719257,"4,6-BIS(1-METHYLPENTYL)RESORCINOL 2 g in 100 g / SULFUR 8 g in 100 g TOPICAL CREAM"
2719260,"ACETAMINOPHEN 325 mg / GUAIFENESIN 10 mg ORAL CAPSULE, LIQUID FILLED [Mucinex Rapid Clear Daytime Pain, Headache and Mucus Congestion]"
2719264,ALCOHOL 71 mL in 100 mL TOPICAL SOLUTION [OCEAN BREEZE SCENT]
2719267,BENZOCAINE 25 mg in 1 mL TOPICAL LIQUID [BVibe Spearmint Deep Throat]
2719269,CALCIUM POLYSULFIDE 25 g in 100 mL TOPICAL LIQUID [LIME SULFUR DIP]
2719283,LIDOCAINE HYDROCHLORIDE 9.94 mg in 0.1 mL TOPICAL LIQUID [BVibe]
2719284,Lidocaine 8.4 g in 100 mL TOPICAL SPRAY [INVIGOR OH]
2719285,MELITTIN 6 mg in 100 g CUTANEOUS CREAM [BeeVenon Skin Restoration Cream]
2719291,"SODIUM FLUORIDE 1 mg / VITAMIN A 750 ug / ASCORBIC ACID 24 mg / SODIUM ASCORBATE 36 mg / CHOLECALCIFEROL 10 ug / .ALPHA.-TOCOPHEROL ACETATE, DL- 6.75 mg / THIAMINE MONONITRATE 1.05 mg / RIBOFLAVIN 1.2 mg / NIACINAMIDE 13.5 mg / PYRIDOXINE HYDROCHLORIDE 1.05 mg / FOLIC ACID 300 ug / CYANOCOBALAMIN 4.5 ug ORAL TABLET, CHEWABLE [Flotrex]"
2719296,CHONDROSINE
2719297,DECETH-7
2719298,"4,6-BIS(1-METHYLPENTYL)RESORCINOL"
2719300,INFLUENZA A VIRUS A/DISTRICT OF COLUMBIA/27/2023 (H3N2) RECOMBINANT HEMAGGLUTININ ANTIGEN
2719301,influenza A virus A/District of Columbia/27/2023 (H3N2) antigen 0.09 MG/ML
2719302,influenza A virus A/District of Columbia/27/2023 (H3N2) antigen / influenza A virus A/West Virginia/30/2022 (H1N1) antigen / influenza B virus B/Austria/1359417/2021 antigen Injectable Product
2719303,influenza A virus A/District of Columbia/27/2023 (H3N2) antigen / influenza A virus A/West Virginia/30/2022 (H1N1) antigen / influenza B virus B/Austria/1359417/2021 antigen Prefilled Syringe
2719304,0.5 ML influenza A virus A/District of Columbia/27/2023 (H3N2) antigen 0.09 MG/ML / influenza A virus A/West Virginia/30/2022 (H1N1) antigen 0.09 MG/ML / influenza B virus B/Austria/1359417/2021 antigen 0.09 MG/ML Prefilled Syringe
2719305,influenza A virus A/District of Columbia/27/2023 (H3N2) antigen 0.09 MG/ML / influenza A virus A/West Virginia/30/2022 (H1N1) antigen 0.09 MG/ML / influenza B virus B/Austria/1359417/2021 antigen 0.09 MG/ML Prefilled Syringe
2719306,Flublok 2025-2026
2719307,influenza A virus A/District of Columbia/27/2023 (H3N2) antigen 0.09 MG/ML / influenza A virus A/West Virginia/30/2022 (H1N1) antigen 0.09 MG/ML / influenza B virus B/Austria/1359417/2021 antigen 0.09 MG/ML [Flublok 2025-2026]
2719308,Flublok 2025-2026 Injectable Product
2719309,influenza A virus (H1N1) antigen / influenza A virus (H3N2) antigen / influenza B virus antigen Prefilled Syringe [Flublok 2025-2026]
2719310,influenza A virus A/District of Columbia/27/2023 (H3N2) antigen / influenza A virus A/West Virginia/30/2022 (H1N1) antigen / influenza B virus B/Austria/1359417/2021 antigen Prefilled Syringe [Flublok 2025-2026]
2719311,INFLUENZA A VIRUS A/WEST VIRGINIA/30/2022 (H1N1) RECOMBINANT HEMAGGLUTININ ANTIGEN 45 ug in 0.5 mL / INFLUENZA A VIRUS A/DISTRICT OF COLUMBIA/27/2023 (H3N2) RECOMBINANT HEMAGGLUTININ ANTIGEN 45 ug in 0.5 mL / INFLUENZA B VIRUS B/AUSTRIA/1359417/2021 RECOMBINANT HEMAGGLUTININ ANTIGEN 45 ug in 0.5 mL INTRAMUSCULAR INJECTION [FLUBLOK TRIVALENT NORTHERN HEMISPHERE]
2719312,influenza A virus A/District of Columbia/27/2023 (H3N2) antigen 0.09 MG/ML / influenza A virus A/West Virginia/30/2022 (H1N1) antigen 0.09 MG/ML / influenza B virus B/Austria/1359417/2021 antigen 0.09 MG/ML Prefilled Syringe [Flublok 2025-2026]
2719313,tesamorelin 11.6 MG
2719314,tesamorelin 11.6 MG Injection
2719315,tesamorelin 11.6 MG [Egrifta]
2719316,EGRIFTA WR KIT
2719381,DIETHYLAMINO HYDROXYBENZOYL HEXYL BENZOATE 3 g in 100 mL / BISOCTRIZOLE 2 g in 100 mL / ISCOTRIZINOL 1.2 g in 100 mL / ETHYLHEXYL TRIAZONE 2.4 g in 100 mL TOPICAL GEL [Calming Days Vegan Sunscreen]
2719382,ZINC OXIDE 24.05 g in 100 g TOPICAL CREAM [WHAMISA ORGANIC PEAR BLOSSOM SUNSCREEN]
2719383,ALUMINUM HYDROXIDE 2 g in 100 g TOPICAL OINTMENT [ProCure Medicated]
2719386,CAMPHOR (SYNTHETIC) 4.1 g in 100 mL / MENTHOL 4.1 g in 100 mL PERCUTANEOUS LINIMENT [ULTRA STRENGTH ZHENG GU SHUI]
2719390,DROMETRIZOLE TRISILOXANE 0.75 g in 50 g / METHYLENE BIS-BENZOTRIAZOLYL TETRAMETHYLBUTYLPHENOL 1.5 g in 50 g / BIS-ETHYLHEXYLOXYPHENOL METHOXYPHENYL TRIAZINE 1.5 g in 50 g / DIETHYLAMINO HYDROXYBENZOYL HEXYL BENZOATE 1 g in 50 g / ETHYLHEXYL TRIAZONE 1.75 g in 50 g CUTANEOUS CREAM
2719408,"sodium lactate 310 mg in 100 mL / sodium chloride 60 mg in 100 mL / potassium chloride 3 mg in 100 mL / calcium chloride 2 mg in 100 mL INTRAVENOUS INJECTION, SOLUTION [Veterinary Lactated Ringers]"
2719409,Fluzone Quadrivalent 2025-2026
2719410,influenza A virus A/Croatia/10136RV/2023 (H3N2) antigen 0.0857 MG/ML / influenza A virus A/Victoria/4897/2022 (H1N1) antigen 0.0857 MG/ML / influenza B virus B/Michigan/01/2021 antigen 0.0857 MG/ML / influenza B virus B/Phuket/3073/2013 antigen 0.0857 MG/ML [Fluzone Quadrivalent 2025-2026]
2719411,Fluzone Quadrivalent 2025-2026 Injectable Product
2719412,influenza A virus (H1N1) antigen / influenza A virus (H3N2) antigen / influenza B virus antigen Prefilled Syringe [Fluzone Quadrivalent 2025-2026]
2719413,influenza A virus A/Croatia/10136RV/2023 (H3N2) antigen / influenza A virus A/Victoria/4897/2022 (H1N1) antigen / influenza B virus B/Michigan/01/2021 antigen / influenza B virus B/Phuket/3073/2013 antigen Prefilled Syringe [Fluzone Quadrivalent 2025-2026]
2719414,"INFLUENZA A VIRUS A/VICTORIA/4897/2022 IVR-238 (H1N1) ANTIGEN (FORMALDEHYDE INACTIVATED) 60 ug in 0.7 mL / INFLUENZA A VIRUS A/CROATIA/10136RV/2023 X-425A (H3N2) ANTIGEN (FORMALDEHYDE INACTIVATED) 60 ug in 0.7 mL / INFLUENZA B VIRUS B/PHUKET/3073/2013 ANTIGEN (FORMALDEHYDE INACTIVATED) 60 ug in 0.7 mL / INFLUENZA B VIRUS B/MICHIGAN/01/2021 ANTIGEN (FORMALDEHYDE INACTIVATED) 60 ug in 0.7 mL INTRAMUSCULAR INJECTION, SUSPENSION [Fluzone High-Dose Quadrivalent Northern Hemisphere]"
2719415,influenza A virus A/Croatia/10136RV/2023 (H3N2) antigen 0.0857 MG/ML / influenza A virus A/Victoria/4897/2022 (H1N1) antigen 0.0857 MG/ML / influenza B virus B/Michigan/01/2021 antigen 0.0857 MG/ML / influenza B virus B/Phuket/3073/2013 antigen 0.0857 MG/ML Prefilled Syringe [Fluzone Quadrivalent 2025-2026]
2719416,LINVOSELTAMAB
2719417,BUTYLENE GLYCOL PROPIONATE
2719424,epinephrine / lidocaine Topical Cream
2719425,LIDOCAINE 5 g in 100 g / EPINEPHRINE 1 g in 100 g CUTANEOUS CREAM [Tattoo]
2719435,TITANIUM DIOXIDE 50 mg in 1 mL / ZINC OXIDE 30 mg in 1 mL / ETHYLHEXYL SALICYLATE 40 mg in 1 mL / ETHYLHEXYL METHOXYCINNAMATE 40 mg in 1 mL TOPICAL LOTION [Amarte ULTRA VEIL Daily]
2719436,TITANIUM DIOXIDE 92 mg in 1 mL / ZINC OXIDE 35 mg in 1 mL / ETHYLHEXYL METHOXYCINNAMATE 65 mg in 1 mL TOPICAL LOTION [Amarte ULTRA VEIL BB Fair]
2719445,ARNICA MONTANA 7 g in 100 g TOPICAL CREAM [SERYNTH Muscle Comfort]
2719446,BORNEOL 0.012 g in 1 g / CAMPHOR (NATURAL) 0.015 g in 1 g / MENTHOL 0.01 g in 1 g TOPICAL SALVE [Meniscus Pain Relief Ointments]
2719453,HYDROCORTISONE 1 g in 100 g TOPICAL OINTMENT [FifthPulse Hydrocortisone 1oz]
2719460,MONENSIN SODIUM 52.8 kg in 52.8 kg NOT APPLICABLE POWDER
2719461,PEPPERMINT OIL 1 g in 100 mL TOPICAL LIQUID [Gray Nail Essence Oil]
2719466,ZINC OXIDE 66 mg in 1 mL TOPICAL LOTION [Harrys Daily Facial SPF Broad Spectrum]
2719467,LITHOSPERMUM CANESCENS WHOLE
2719468,MONENSIN SODIUM
2719469,dicyclomine hydrochloride 40 MG
2719470,DICYCLOMINE HYDROCHLORIDE 40 mg ORAL TABLET
2719471,influenza A virus A/Croatia/10136RV/2023 (H3N2) antigen 0.03 MG/ML / influenza A virus A/Victoria/4897/2022 (H1N1) antigen 0.03 MG/ML / influenza B virus B/Michigan/01/2021 antigen 0.03 MG/ML / influenza B virus B/Phuket/3073/2013 antigen 0.03 MG/ML [Fluzone Quadrivalent 2025-2026]
2719472,influenza A virus (H1N1) antigen / influenza A virus (H3N2) antigen / influenza B virus antigen Injectable Suspension [Fluzone Quadrivalent 2025-2026]
2719473,influenza A virus A/Croatia/10136RV/2023 (H3N2) antigen / influenza A virus A/Victoria/4897/2022 (H1N1) antigen / influenza B virus B/Michigan/01/2021 antigen / influenza B virus B/Phuket/3073/2013 antigen Injectable Suspension [Fluzone Quadrivalent 2025-2026]
2719474,"INFLUENZA A VIRUS A/VICTORIA/4897/2022 IVR-238 (H1N1) ANTIGEN (FORMALDEHYDE INACTIVATED) 15 ug in 0.5 mL / INFLUENZA A VIRUS A/CROATIA/10136RV/2023 X-425A (H3N2) ANTIGEN (FORMALDEHYDE INACTIVATED) 15 ug in 0.5 mL / INFLUENZA B VIRUS B/PHUKET/3073/2013 ANTIGEN (FORMALDEHYDE INACTIVATED) 15 ug in 0.5 mL / INFLUENZA B VIRUS B/MICHIGAN/01/2021 ANTIGEN (FORMALDEHYDE INACTIVATED) 15 ug in 0.5 mL INTRAMUSCULAR INJECTION, SUSPENSION [Fluzone Quadrivalent Northern Hemisphere]"
2719475,"INFLUENZA A VIRUS A/VICTORIA/4897/2022 IVR-238 (H1N1) ANTIGEN (FORMALDEHYDE INACTIVATED) 15 ug in 0.5 mL / INFLUENZA A VIRUS A/CROATIA/10136RV/2023 X-425A (H3N2) ANTIGEN (FORMALDEHYDE INACTIVATED) 15 ug in 0.5 mL / INFLUENZA B VIRUS B/PHUKET/3073/2013 ANTIGEN (FORMALDEHYDE INACTIVATED) 15 ug in 0.5 mL / INFLUENZA B VIRUS B/MICHIGAN/01/2021 ANTIGEN (FORMALDEHYDE INACTIVATED) 15 ug in 0.5 mL INTRAMUSCULAR INJECTION, SUSPENSION [Fluzone Quadrivalent Northern Hemisphere]"
2719476,influenza A virus A/Croatia/10136RV/2023 (H3N2) antigen 0.03 MG/ML / influenza A virus A/Victoria/4897/2022 (H1N1) antigen 0.03 MG/ML / influenza B virus B/Michigan/01/2021 antigen 0.03 MG/ML / influenza B virus B/Phuket/3073/2013 antigen 0.03 MG/ML Prefilled Syringe [Fluzone Quadrivalent 2025-2026]
2719477,linvoseltamab-gcpt
2719478,linvoseltamab-gcpt 20 MG/ML
2719479,linvoseltamab Injectable Product
2719480,linvoseltamab Injection
2719481,linvoseltamab-gcpt Injectable Product
2719482,linvoseltamab-gcpt Injection
2719483,10 ML linvoseltamab-gcpt 20 MG/ML Injection
2719484,linvoseltamab-gcpt 20 MG/ML Injection
2719485,Lynozyfic
2719486,linvoseltamab-gcpt 20 MG/ML [Lynozyfic]
2719487,Lynozyfic Injectable Product
2719488,linvoseltamab Injection [Lynozyfic]
2719489,linvoseltamab-gcpt Injection [Lynozyfic]
2719490,"LINVOSELTAMAB 200 mg in 10 mL INTRAVENOUS INJECTION, SOLUTION, CONCENTRATE [LYNOZYFIC]"
2719491,linvoseltamab-gcpt 20 MG/ML Injection [Lynozyfic]
2719493,linvoseltamab-gcpt 2 MG/ML
2719494,2.5 ML linvoseltamab-gcpt 2 MG/ML Injection
2719495,linvoseltamab-gcpt 2 MG/ML Injection
2719496,linvoseltamab-gcpt 2 MG/ML [Lynozyfic]
2719497,"LINVOSELTAMAB 5 mg in 2.5 mL INTRAVENOUS INJECTION, SOLUTION, CONCENTRATE [LYNOZYFIC]"
2719498,linvoseltamab-gcpt 2 MG/ML Injection [Lynozyfic]
2719503,BENZALKONIUM CHLORIDE 0.005 g in 3.6 g TOPICAL PATCH
2719595,AVOBENZONE 30 mg in 1 mL / OCTISALATE 50 mg in 1 mL / OCTOCRYLENE 50 mg in 1 mL TOPICAL LIQUID [MO HANDSOME Protection Sport Sunscreen SPF 30]
2719600,APIS MELLIFERA VENOM 2 g in 100 mL / SALICYLIC ACID 17 g in 100 mL TOPICAL LIQUID [Vryioh Wart Remover]
2719606,MELALEUCA ALTERNIFOLIA LEAF 0.006 mg in 30 mg / GINGER 0.006 mg in 30 mg TOPICAL LIQUID [XIMONTH Liquid Wart Corn Callus Remover]
2719612,ZINC OXIDE 0.416 g in 13 g / OATMEAL 1.3871 g in 13 g TOPICAL OINTMENT [DERMEDIAL Anti-Itch]
2719615,petrolatum 0.499 MG/MG
2719616,PETROLATUM 49.9 g in 100 g TOPICAL OINTMENT [ProCure SkinGuard]
2719617,cobicistat 90 MG
2719618,cobicistat 90 MG Oral Tablet
2719619,cobicistat 90 MG [Tybost]
2719620,"COBICISTAT 90 mg ORAL TABLET, FILM COATED [Tybost]"
2719621,fluralaner 150 MG/ML
2719622,fluralaner Injectable Product
2719623,fluralaner Injectable Suspension
2719624,fluralaner 150 MG/ML Injectable Suspension
2719625,fluralaner 150 MG/ML [Bravecto]
2719626,Bravecto Injectable Product
2719627,fluralaner Injectable Suspension [Bravecto]
2719628,Bravecto Quantum KIT
